{
  "train_loss": [
    0.17953066128822784,
    0.1513653885941059,
    0.1323652550741633,
    0.11779903654193324,
    0.11009508874429262,
    0.09832043221011467,
    0.0933368864195952,
    0.08718809450290237,
    0.08381425872555533,
    0.0824036235306972
  ],
  "train_acc": [
    0.9352287302265926,
    0.9457745475274334,
    0.953897677069973,
    0.9577454752743337,
    0.9595268633319082,
    0.9651560495938435,
    0.9665099045176001,
    0.9697164030212342,
    0.9715690466011115,
    0.9724953683910503
  ],
  "val_loss": [
    0.16155348623295626,
    0.1446786818752686,
    0.15104330442721645,
    0.14158025736982624,
    0.1408556862100959,
    0.13586411501218876,
    0.1389397668292125,
    0.13536521567155918,
    0.13481478182723125,
    0.1352346128486097
  ],
  "val_acc": [
    0.9423333333333334,
    0.9476666666666667,
    0.9433333333333334,
    0.9476666666666667,
    0.9506666666666667,
    0.952,
    0.9506666666666667,
    0.952,
    0.9506666666666667,
    0.952
  ],
  "lr": [
    4.8776412907378845e-06,
    4.522542485937369e-06,
    3.969463130731183e-06,
    3.272542485937369e-06,
    2.5e-06,
    1.7274575140626318e-06,
    1.0305368692688175e-06,
    4.774575140626317e-07,
    1.2235870926211617e-07,
    0.0
  ],
  "epoch_time": [
    8.05158805847168,
    8.104704856872559,
    8.188608169555664,
    8.261244535446167,
    8.150532960891724,
    8.189358472824097,
    8.081027030944824,
    8.115528583526611,
    8.117183208465576,
    8.239630460739136
  ],
  "total_time": 82.21259593963623
}