{
  "train_loss": [
    0.5668028351803426,
    0.2433724234004603,
    0.2154860864250735,
    0.20419108282280424,
    0.20101513932645534
  ],
  "train_acc": [
    0.8211486390195241,
    0.9201225594983611,
    0.9280319224739917,
    0.9294570329200513,
    0.9312384209776258
  ],
  "val_loss": [
    0.264924286087354,
    0.21520586787660917,
    0.19904882756869,
    0.19465980213880538,
    0.1928395124276479
  ],
  "val_acc": [
    0.9173333333333333,
    0.9266666666666666,
    0.933,
    0.932,
    0.9343333333333333
  ],
  "lr": [
    9.045084971874738e-05,
    6.545084971874737e-05,
    3.454915028125263e-05,
    9.549150281252631e-06,
    0.0
  ],
  "epoch_time": [
    8.066501140594482,
    8.146878957748413,
    8.164839267730713,
    8.140679121017456,
    8.195024490356445
  ],
  "total_time": 41.0717990398407
}