{
  "train_loss": [
    0.10768845933904263,
    0.10101969168067947,
    0.09637775800875853,
    0.09196931372059662,
    0.08675038727796433
  ],
  "train_acc": [
    0.960025651988029,
    0.9636596836254809,
    0.9662248824283882,
    0.9662961379506911,
    0.9697164030212342
  ],
  "val_loss": [
    0.1300922637786716,
    0.13043494127318264,
    0.1296913408494244,
    0.12874236373665432,
    0.1284499430457751
  ],
  "val_acc": [
    0.9506666666666667,
    0.9523333333333334,
    0.9536666666666667,
    0.9516666666666667,
    0.9536666666666667
  ],
  "lr": [
    9.045084971874737e-07,
    6.545084971874736e-07,
    3.4549150281252626e-07,
    9.54915028125263e-08,
    0.0
  ],
  "epoch_time": [
    14.115021705627441,
    14.130148887634277,
    14.139742851257324,
    14.1421377658844,
    14.15958857536316
  ],
  "total_time": 71.32926964759827
}