{
  "train_loss": [
    0.06986996409062121,
    0.06880666946365026,
    0.06817065889313892,
    0.0669379428536596,
    0.06496851035157925
  ],
  "train_acc": [
    0.9759156334615933,
    0.9765569331623201,
    0.9761294000285022,
    0.9772694883853499,
    0.9781245546529856
  ],
  "val_loss": [
    0.12972522706600528,
    0.12986586145311593,
    0.13031277026546498,
    0.13038275755072634,
    0.13032879043432574
  ],
  "val_acc": [
    0.9536666666666667,
    0.954,
    0.954,
    0.954,
    0.9543333333333334
  ],
  "lr": [
    9.045084971874737e-08,
    6.545084971874738e-08,
    3.4549150281252633e-08,
    9.549150281252633e-09,
    0.0
  ],
  "epoch_time": [
    27.998992919921875,
    27.983309507369995,
    27.8939208984375,
    27.895971536636353,
    27.99449610710144
  ],
  "total_time": 140.44709372520447
}