{
  "train_loss": [
    0.07829333287440118,
    0.07840833114400385,
    0.0733455133165018,
    0.06972248261791528,
    0.07318161588251905
  ],
  "train_acc": [
    0.9726378794356563,
    0.9719253242126265,
    0.9747755451047456,
    0.9757731224169873,
    0.9728516460025652
  ],
  "val_loss": [
    0.13199181302512686,
    0.12883233055161933,
    0.1301187330254664,
    0.1305529857793202,
    0.1295762274172157
  ],
  "val_acc": [
    0.9533333333333334,
    0.954,
    0.9526666666666667,
    0.9546666666666667,
    0.9543333333333334
  ],
  "lr": [
    4.5225424859373684e-07,
    3.272542485937368e-07,
    1.7274575140626313e-07,
    4.774575140626315e-08,
    0.0
  ],
  "epoch_time": [
    27.686462879180908,
    27.661903381347656,
    27.68622851371765,
    27.656118631362915,
    27.751001358032227
  ],
  "total_time": 139.11544799804688
}