{
  "train_loss": [
    0.18845097419499365,
    0.1374777596036695,
    0.1153506209057961
  ],
  "train_acc": [
    0.9323785093344734,
    0.9516175003562776,
    0.9596693743765142
  ],
  "val_loss": [
    0.14931808840607602,
    0.1340698804271718,
    0.13281515821814538
  ],
  "val_acc": [
    0.9503333333333334,
    0.9493333333333334,
    0.9496666666666667
  ],
  "lr": [
    7.500000000000001e-06,
    2.5000000000000015e-06,
    0.0
  ],
  "epoch_time": [
    8.22550892829895,
    8.125954151153564,
    8.105131387710571
  ],
  "total_time": 24.560935974121094
}