{
  "train_loss": [
    0.08884374266316472,
    0.08463962962013441,
    0.08303954474467641,
    0.0760561043976064,
    0.07843214906067254
  ],
  "train_acc": [
    0.9689325922759013,
    0.9717115576457176,
    0.970286447199658,
    0.9739917343594129,
    0.9729229015248682
  ],
  "val_loss": [
    0.13035618485944966,
    0.12905934535401564,
    0.12794825257795553,
    0.12937718236384294,
    0.12881712478523452
  ],
  "val_acc": [
    0.955,
    0.952,
    0.9543333333333334,
    0.9543333333333334,
    0.9546666666666667
  ],
  "lr": [
    4.5225424859373684e-07,
    3.272542485937368e-07,
    1.7274575140626313e-07,
    4.774575140626315e-08,
    0.0
  ],
  "epoch_time": [
    18.59780764579773,
    18.602662324905396,
    18.610867023468018,
    18.6030330657959,
    18.67953586578369
  ],
  "total_time": 93.2450065612793
}