{
  "train_loss": [
    0.549315797224231,
    0.2484792958675872,
    0.22567021909204493
  ],
  "train_acc": [
    0.824355137523158,
    0.9195525153199373,
    0.9257517457602964
  ],
  "val_loss": [
    0.26254594993591307,
    0.21567833428581556,
    0.20605084243416785
  ],
  "val_acc": [
    0.918,
    0.9293333333333333,
    0.9313333333333333
  ],
  "lr": [
    7.500000000000001e-05,
    2.5000000000000015e-05,
    0.0
  ],
  "epoch_time": [
    8.122541427612305,
    8.043057203292847,
    8.169030904769897
  ],
  "total_time": 24.582176446914673
}