{
  "train_loss": [
    0.17123479046882073,
    0.13861193403164188,
    0.12004656623372058,
    0.10464613184012186,
    0.09230008496570676,
    0.08147120757992832,
    0.07403780332927998,
    0.06805736405167873,
    0.06328779862002037,
    0.06145859676181901
  ],
  "train_acc": [
    0.9397178281316803,
    0.9508336896109448,
    0.9586005415419695,
    0.9632321504916631,
    0.9686475701866895,
    0.9715690466011115,
    0.9754881003277754,
    0.9784095767421975,
    0.9794784095767421,
    0.980119709277469
  ],
  "val_loss": [
    0.15034166971594096,
    0.14270428780466318,
    0.14187968603521586,
    0.14600485631326834,
    0.14155326141913732,
    0.14096474229668576,
    0.1387197865433991,
    0.13845477964046102,
    0.13952113366127014,
    0.13903109810190897
  ],
  "val_acc": [
    0.9496666666666667,
    0.95,
    0.948,
    0.9463333333333334,
    0.9526666666666667,
    0.952,
    0.9516666666666667,
    0.954,
    0.9553333333333334,
    0.9536666666666667
  ],
  "lr": [
    9.755282581475769e-06,
    9.045084971874738e-06,
    7.938926261462366e-06,
    6.545084971874738e-06,
    5e-06,
    3.4549150281252635e-06,
    2.061073738537635e-06,
    9.549150281252633e-07,
    2.4471741852423233e-07,
    0.0
  ],
  "epoch_time": [
    27.901329040527344,
    27.870546340942383,
    27.961405515670776,
    27.926039695739746,
    27.916590213775635,
    27.955800533294678,
    27.898009777069092,
    27.944775819778442,
    27.96138072013855,
    27.943901300430298
  ],
  "total_time": 280.6031732559204
}