{
  "train_loss": [
    0.6274066355827443,
    0.27276162125113956,
    0.23080367076485284,
    0.2138089275968938,
    0.20327237316799993,
    0.1963435119078746,
    0.19385081628257603,
    0.19138010114312462,
    0.18597354542092923,
    0.18950653049414767
  ],
  "train_acc": [
    0.8097477554510475,
    0.9102180418982471,
    0.9196237708422402,
    0.9252529571041755,
    0.9309533988884139,
    0.9294570329200513,
    0.9340886418697449,
    0.9334473421690181,
    0.9344449194812599,
    0.9348011970927746
  ],
  "val_loss": [
    0.3011560931603114,
    0.23396115253369013,
    0.21185231425364812,
    0.20081589499612648,
    0.1948803309003512,
    0.19109854980309804,
    0.19058840386072795,
    0.1882686420182387,
    0.18964098353683947,
    0.18908784518639246
  ],
  "val_acc": [
    0.915,
    0.9273333333333333,
    0.9286666666666666,
    0.9293333333333333,
    0.9323333333333333,
    0.9316666666666666,
    0.9326666666666666,
    0.933,
    0.933,
    0.9336666666666666
  ],
  "lr": [
    9.755282581475769e-05,
    9.045084971874737e-05,
    7.938926261462366e-05,
    6.545084971874737e-05,
    4.9999999999999996e-05,
    3.454915028125263e-05,
    2.0610737385376345e-05,
    9.549150281252631e-06,
    2.447174185242323e-06,
    0.0
  ],
  "epoch_time": [
    11.17167592048645,
    8.064757347106934,
    8.067689180374146,
    8.051870822906494,
    7.980541706085205,
    7.996188640594482,
    8.0480797290802,
    8.015878200531006,
    8.087928295135498,
    8.201965570449829
  ],
  "total_time": 84.40947270393372
}