{
  "train_loss": [
    0.0872183019852509,
    0.0851649050727578,
    0.08688066932054875,
    0.08250213233607777,
    0.08566129831625081
  ],
  "train_acc": [
    0.9707139803334759,
    0.9696451474989312,
    0.9696451474989312,
    0.9718540686903235,
    0.9711415134672937
  ],
  "val_loss": [
    0.12603631256396572,
    0.1257878003185615,
    0.125795945548142,
    0.12586253493092955,
    0.12583493842246632
  ],
  "val_acc": [
    0.954,
    0.9536666666666667,
    0.9543333333333334,
    0.954,
    0.9543333333333334
  ],
  "lr": [
    9.045084971874737e-08,
    6.545084971874738e-08,
    3.4549150281252633e-08,
    9.549150281252633e-09,
    0.0
  ],
  "epoch_time": [
    18.664085388183594,
    18.69160294532776,
    18.733941555023193,
    18.670817613601685,
    18.678154468536377
  ],
  "total_time": 93.98759436607361
}