{
  "train_loss": [
    0.08597403481863869,
    0.08218634898885946,
    0.07870531388904459,
    0.07551769693301787,
    0.07404099289926179,
    0.07251082184168796,
    0.07112377673574402,
    0.07128130380333413,
    0.06851667109215907,
    0.06820179675067993
  ],
  "train_acc": [
    0.9688613367535984,
    0.9707852358557788,
    0.9717828131680205,
    0.9744905230155337,
    0.9749893116716546,
    0.9741342454040188,
    0.9771982328630469,
    0.9754168448054724,
    0.9763431665954111,
    0.9762006555508052
  ],
  "val_loss": [
    0.1266075431747983,
    0.1272358480511854,
    0.12743757486964266,
    0.12703519452239076,
    0.1281550632311652,
    0.12712650833465158,
    0.1267416227410237,
    0.12671544852883865,
    0.12640115175613512,
    0.12643567240114012
  ],
  "val_acc": [
    0.9553333333333334,
    0.9536666666666667,
    0.956,
    0.9563333333333334,
    0.9553333333333334,
    0.9543333333333334,
    0.9553333333333334,
    0.9523333333333334,
    0.9543333333333334,
    0.9563333333333334
  ],
  "lr": [
    4.877641290737883e-07,
    4.522542485937368e-07,
    3.9694631307311825e-07,
    3.272542485937368e-07,
    2.5e-07,
    1.7274575140626315e-07,
    1.0305368692688174e-07,
    4.7745751406263166e-08,
    1.2235870926211616e-08,
    0.0
  ],
  "epoch_time": [
    28.022225856781006,
    28.013315677642822,
    27.98703408241272,
    28.01000189781189,
    27.988597631454468,
    28.049280643463135,
    28.00838613510132,
    28.052428483963013,
    27.96433186531067,
    28.015257120132446
  ],
  "total_time": 280.7853333950043
}