{
  "train_loss": [
    0.18191687883993696,
    0.13760931450951655,
    0.11475252180556822
  ],
  "train_acc": [
    0.9345874305258658,
    0.9482684908080377,
    0.9583867749750605
  ],
  "val_loss": [
    0.1480168790780008,
    0.13784298434356848,
    0.13140010103645425
  ],
  "val_acc": [
    0.949,
    0.949,
    0.9503333333333334
  ],
  "lr": [
    7.500000000000001e-06,
    2.5000000000000015e-06,
    0.0
  ],
  "epoch_time": [
    8.203131437301636,
    8.150888442993164,
    8.23548936843872
  ],
  "total_time": 24.982288599014282
}