{
  "train_loss": [
    0.5770910169020904,
    0.2520866862886972,
    0.22583334697937377
  ],
  "train_acc": [
    0.8135955536554083,
    0.9161322502493944,
    0.923756591135813
  ],
  "val_loss": [
    0.2576864258845647,
    0.2123170774281025,
    0.2038809542655945
  ],
  "val_acc": [
    0.92,
    0.93,
    0.9313333333333333
  ],
  "lr": [
    7.500000000000001e-05,
    2.5000000000000015e-05,
    0.0
  ],
  "epoch_time": [
    8.246795654296875,
    8.138439178466797,
    8.137702703475952
  ],
  "total_time": 24.82196283340454
}