{
  "train_loss": [
    0.08637107223977353,
    0.08466256371659059,
    0.08568465236127928,
    0.08474801298089138,
    0.08478975545753521
  ],
  "train_acc": [
    0.970143936155052,
    0.970072680632749,
    0.9692888698874162,
    0.9696451474989312,
    0.9706427248111729
  ],
  "val_loss": [
    0.12592467267656077,
    0.12605111566527435,
    0.12588141114264725,
    0.12568029953849813,
    0.12557985984999687
  ],
  "val_acc": [
    0.9543333333333334,
    0.9546666666666667,
    0.9543333333333334,
    0.9536666666666667,
    0.9536666666666667
  ],
  "lr": [
    9.045084971874737e-08,
    6.545084971874738e-08,
    3.4549150281252633e-08,
    9.549150281252633e-09,
    0.0
  ],
  "epoch_time": [
    27.69238018989563,
    27.702187061309814,
    27.73788595199585,
    27.67603349685669,
    27.705485343933105
  ],
  "total_time": 139.05364537239075
}