{
  "train_loss": [
    0.10665710655887684,
    0.10080357463556561,
    0.09545317503642378,
    0.08924817442586062,
    0.08707478288144353
  ],
  "train_acc": [
    0.9610232293002707,
    0.9653698161607525,
    0.9659398603391763,
    0.9675074818298418,
    0.9696451474989312
  ],
  "val_loss": [
    0.1272148734256625,
    0.12726531629574794,
    0.1266077923371146,
    0.1252417179904878,
    0.12571917822025716
  ],
  "val_acc": [
    0.952,
    0.9533333333333334,
    0.9536666666666667,
    0.9533333333333334,
    0.9546666666666667
  ],
  "lr": [
    9.045084971874737e-07,
    6.545084971874736e-07,
    3.4549150281252626e-07,
    9.54915028125263e-08,
    0.0
  ],
  "epoch_time": [
    14.07757568359375,
    14.084518671035767,
    14.18991732597351,
    14.09123420715332,
    14.117165088653564
  ],
  "total_time": 71.62955617904663
}